analytics.gotomeeting.com,,,,
analyticsstage.gotomeeting.com,,,,
app.gotomeeting.com,,,,
app.gotomeeting.com,business,web collaboration,,
appstage.gotomeeting.com,,,,
free.gotomeeting.com,business,information technology,,
get.gotomeeting.com,business,web collaboration,,
getmessenger.gotomeeting.com,,,,
getpulse.gotomeeting.com,,,,
getstage.gotomeeting.com,,,,
invitation.service.gotomeeting.com,,,,
pulse.gotomeeting.com,,,,
stage.gotomeeting.com,business,web collaboration,,
transcripts.gotomeeting.com,,,,
transcriptsstage.gotomeeting.com,,,,
www1.gotomeeting.com,business,web collaboration,,
www2.gotomeeting.com,business,web collaboration,,
www3.gotomeeting.com,business,web collaboration,,
www4.gotomeeting.com,business,web collaboration,,
www.gotomeeting.com,business,web collaboration,,
cdn-matome.line-apps.com,,,,
cdn-matome.line-apps.com,application and software download,,,
rr.img.line.naver.jp,,,,
rep.logentries.com,,,,
care.logmein.com,,,,
support.logmein.com,business,information technology,,
advocacy.mozilla.org,,,,
advocacy.mozilla.org,computersandsoftware,information technology,,
analysis-output.telemetry.mozilla.org,,,,
archive.mozilla.org,,,,
archive.mozilla.org,computersandsoftware,information technology,,
blog.mixedreality.mozilla.org,,,,
charts.mozilla.org,,,,
developer.mozilla.org,,,,
docs.telemetry.mozilla.org,,,,
docs.telemetry.mozilla.org,computersandsoftware,information technology,,
donate.mozilla.org,,,,
donate.mozilla.org,computersandsoftware,information technology,,
fastforgoodcontest.mozilla.org,,,,
firefox-source-docs.mozilla.org,,,,
ftp.eu.mozilla.org,computersandsoftware,information technology,,
ftp.mozilla.org,,,,
ftp.mozilla.org,computersandsoftware,information technology,,
ftp-ssl.mozilla.org,,,,
ftp-ssl.mozilla.org,computersandsoftware,information technology,,
games.mozilla.org,,,,
games.mozilla.org,computersandsoftware,information technology,,
learning.mozilla.org,,,,
learning.mozilla.org,computersandsoftware,information technology,,
public-data.telemetry.mozilla.org,,,,
releases.mozilla.org,,,,
releases.mozilla.org,computersandsoftware,information technology,,
science.mozilla.org,,,,
science.mozilla.org,computersandsoftware,information technology,,
surveillance.mozilla.org,computersandsoftware,information technology,,
teach.mozilla.org,computersandsoftware,information technology,,
telemetry.mozilla.org,,,,
telemetry.mozilla.org,computersandsoftware,web analytics,,
thimble.mozilla.org,,,,
thimble.mozilla.org,computersandsoftware,information technology,,
vr.mozilla.org,,,,
wirelesschallenge.mozilla.org,,,,
wirelesschallenge.mozilla.org,computersandsoftware,information technology,,
cdn-static.onepagecrm.com,marketing,hosted business applications,,
l1.osdimg.com,information technology,,,
p5.osdimg.com,,,,
help.periscope.tv,,,,
help.periscope.tv,marketing,streaming media,,
sp-dev.silentcircle.com,,,,
sp-qa.silentcircle.com,,,,
sp.silentcircle.com,,,,
intg.snapchat.com,marketing,chats,text and media messaging,
shows.snapchat.com,,,,
webattachments.snapchat.com,marketing,chats,text and media messaging,
www.intg.snapchat.com,,,,
cf.wiredrive.com,blogs,hosted business applications,,
